,Year,Age,Sex,Mean,SD,M3,M4
1,1983,5,Male,19,2.45,1.31879375055864,8.68667537266273
2,1983,5,Female,18.6,2.41,0.966053111388159,5.58520635432011
3,1983,6,Male,21,3.02,1.47442452176055,8.24674659929241
4,1983,6,Female,20.7,2.95,1.22732674275826,6.4606378598331
5,1983,7,Male,23.4,3.53,1.50855627250569,8.02560871111357
6,1983,7,Female,23,3.51,1.32065988202464,6.80139625846338
7,1983,8,Male,26.3,4.35,1.65129829094423,8.5544100186942
8,1983,8,Female,25.7,4.16,1.33839517608379,6.50795258110415
9,1983,9,Male,29.2,5.21,1.62059177033488,7.55407284346962
10,1983,9,Female,28.9,5.13,1.31088503861395,6.25886125049054
11,1983,10,Male,32.6,6.15,1.45573291243664,6.32152927837449
12,1983,10,Female,32.7,6.13,1.10201649461932,5.13612361890318
13,1983,11,Male,36.5,7.34,1.38417962126283,6.09021194238882
14,1983,11,Female,37.7,7.11,0.846587752542105,4.33263050852585
15,1983,12,Male,41.7,8.55,1.11549137586112,4.98743859214065
16,1983,12,Female,42.6,7.51,0.807030925946162,4.81645009533318
17,1983,13,Male,47.2,9.16,0.945205320633876,5.07807129736517
18,1983,13,Female,46.6,7.19,0.880656213555046,5.62244575799914
19,1983,14,Male,52.8,9.12,0.898968550196085,5.22301908799116
20,1983,14,Female,49.4,6.83,0.881326050385895,5.46840267336328
21,1983,15,Male,57.6,9.42,1.11718445484052,5.54051622812116
22,1983,15,Female,51.7,7.21,1.02299411609497,5.78689555619726
23,1983,16,Male,59.5,8.86,1.16774855872863,5.76557647481914
24,1983,16,Female,52.3,6.72,0.948142081753951,5.59003360258289
25,1983,17,Male,61.1,8.51,1.10258288184709,5.40393490750165
26,1983,17,Female,52.4,6.57,0.943414315550439,5.40591664886158
27,1984,5,Male,19.1,2.47,1.21062133793455,7.5606409579943
28,1984,5,Female,18.7,2.43,1.06258148229911,5.78798597634072
29,1984,6,Male,21.1,3.01,1.57609705185644,9.00010671182159
30,1984,6,Female,20.7,2.95,1.16517771599862,6.17991191779
31,1984,7,Male,23.5,3.57,1.63742010094092,8.58264255751112
32,1984,7,Female,23,3.47,1.3120334593157,6.81375805109576
33,1984,8,Male,26.3,4.3,1.53613870563376,7.31658398128409
34,1984,8,Female,25.8,4.17,1.30080002021796,6.34498390106945
35,1984,9,Male,29.4,5.27,1.66375683743633,7.99454086517274
36,1984,9,Female,29.1,5.15,1.32649237863839,6.00084051398902
37,1984,10,Male,32.7,6.08,1.38016409790802,5.89639787767254
38,1984,10,Female,33,6.16,1.21436779331168,5.98319123327528
39,1984,11,Male,36.4,7.12,1.28190240220196,5.51646528748495
40,1984,11,Female,37.7,7.2,0.892188288369471,4.53458290893661
41,1984,12,Male,41.7,8.43,1.07750431323443,5.08314393046115
42,1984,12,Female,42.9,7.51,0.717794597865623,4.21835794791478
43,1984,13,Male,47.3,9.13,0.906697810182592,4.81204026938082
44,1984,13,Female,46.8,7.1,0.727276931828096,4.54010300220427
45,1984,14,Male,52.8,9.12,0.930040216969346,5.26599984998201
46,1984,14,Female,49.7,6.91,0.918177314209539,5.53113294913005
47,1984,15,Male,57.9,9.4,1.04903042131674,5.24634602595334
48,1984,15,Female,51.8,7.143,1.05503409945699,5.77133320666228
49,1984,16,Male,60,8.78,1.1003516481528,5.51440777661578
50,1984,16,Female,52.7,6.88,1.05961017034139,6.1346414609675
51,1984,17,Male,61.5,8.47,1.07330530293862,5.36927213852911
52,1984,17,Female,52.7,6.74,1.15147676855995,6.69638463118593
53,1985,5,Male,19.1,2.48,1.13765033400015,6.97725687087088
54,1985,5,Female,18.7,2.45,1.01457484952029,5.96720766053596
55,1985,6,Male,21.2,3.04,1.5106796233437,8.72837328081227
56,1985,6,Female,20.7,2.97,1.23021819197856,6.50185831670401
57,1985,7,Male,23.7,3.67,1.86317812390001,11.2701771862126
58,1985,7,Female,23.2,3.55,1.35725035888466,7.15328696455435
59,1985,8,Male,26.5,4.42,1.65745822517746,8.08045940296034
60,1985,8,Female,26,4.31,1.28407665064681,5.96450012231365
61,1985,9,Male,29.5,5.25,1.64589332407032,8.66260956853634
62,1985,9,Female,29.2,5.21,1.28554183070032,5.74939067875953
63,1985,10,Male,32.8,6.25,1.44331458488894,6.21860694916899
64,1985,10,Female,33.1,6.35,1.15835933867523,5.42405298310239
65,1985,11,Male,36.5,7.33,1.33023039893506,5.87061950767573
66,1985,11,Female,37.8,7.2,0.888937621972065,4.73958067249063
67,1985,12,Male,41.8,8.42,1.04765710833906,4.90855891745288
68,1985,12,Female,42.9,7.55,0.791443909267263,4.62197333891054
69,1985,13,Male,47.4,9.08,0.895568657815258,4.67554672935394
70,1985,13,Female,46.8,7.29,0.820270722041588,5.12637933304882
71,1985,14,Male,53,9.28,1.02416325458652,5.66015305469162
72,1985,14,Female,49.8,6.99,0.924785931071438,5.55568518861374
73,1985,15,Male,57.9,9.49,1.12881787812699,5.55137239351335
74,1985,15,Female,51.9,7.23,0.979077896047306,5.34870306751047
75,1985,16,Male,60,9.08,1.29210543586353,6.4160315127987
76,1985,16,Female,52.7,6.89,0.887055724985491,4.99396128542852
77,1985,17,Male,61.5,8.79,1.2252372904042,6.19210000992372
78,1985,17,Female,52.8,6.71,0.997797747985305,5.86016504032797
79,1986,5,Male,19.2,2.57,1.39853611118651,8.33008017940935
80,1986,5,Female,18.8,2.48,1.11182137040968,6.71861242762386
81,1986,6,Male,21.2,3.08,1.50499560441365,8.24308401543597
82,1986,6,Female,20.8,3.04,1.42447857687516,8.49668001091762
83,1986,7,Male,23.8,3.77,1.7286276377857,9.22117709037014
84,1986,7,Female,23.3,3.67,1.58237754170903,9.12042631577181
85,1986,8,Male,26.7,4.58,1.70261733772854,8.5131928794588
86,1986,8,Female,26.2,4.4,1.33236126342091,6.05749488395561
87,1986,9,Male,29.7,5.52,1.76425038857501,8.84660930673798
88,1986,9,Female,29.4,5.26,1.15799791442292,5.11481917200582
89,1986,10,Male,33.1,6.44,1.54303204748669,6.80186359857616
90,1986,10,Female,33.3,6.29,1.07586657199942,4.8714224490258
91,1986,11,Male,37,7.53,1.27268641611751,5.77697509738798
92,1986,11,Female,38.2,7.3,0.863016277759916,4.34264765864591
93,1986,12,Male,42.2,8.73,1.20121649614359,5.84125819502172
94,1986,12,Female,43.4,7.73,0.861781490156042,5.01899412846769
95,1986,13,Male,47.7,9.2,0.911213799618399,4.84886087343159
96,1986,13,Female,47.1,7.36,0.903714874583294,5.58040238084928
97,1986,14,Male,53.3,9.52,1.07318700322678,5.82490630502056
98,1986,14,Female,50,7,0.952080176668936,5.75098901421659
99,1986,15,Male,58.3,9.65,1.17819058052993,5.61458486338677
100,1986,15,Female,52.1,7.44,1.08441635862629,5.78255686143211
101,1986,16,Male,60.4,9.08,1.21683529487112,5.95005346144569
102,1986,16,Female,52.8,6.98,1.09139793448055,6.20394209206471
103,1986,17,Male,61.8,8.98,1.26007867514502,6.22614508800525
104,1986,17,Female,52.8,6.65,0.905309158782898,5.19974388235756
105,1987,5,Male,19.2,2.56,1.41612297995339,9.53118720892758
106,1987,5,Female,18.9,2.5,1.12161567561185,6.77671383044253
107,1987,6,Male,21.3,3.17,1.48175691524492,7.90987238576966
108,1987,6,Female,20.9,3.1,1.28389318655924,6.56408497550137
109,1987,7,Male,23.9,3.72,1.55197470431611,7.96132304465597
110,1987,7,Female,23.3,3.68,1.51515734113244,8.19464866499615
111,1987,8,Male,26.8,4.66,1.72368967396526,8.76766068541356
112,1987,8,Female,26.3,4.55,1.37809157190631,6.75807481018554
113,1987,9,Male,29.9,5.54,1.52246365917392,6.79402297476427
114,1987,9,Female,29.5,5.4,1.25011060043598,5.52918952786039
115,1987,10,Male,33.4,6.63,1.47349141688266,6.37648858098191
116,1987,10,Female,33.6,6.54,1.08748924477462,4.8909389969947
117,1987,11,Male,37.2,7.61,1.30949768381265,5.75729392100915
118,1987,11,Female,38.3,7.39,0.870917906803184,4.582083544009
119,1987,12,Male,42.6,8.73,1.08895856273534,5.11454235378838
120,1987,12,Female,43.5,7.74,0.820736214342824,4.63920461186598
121,1987,13,Male,48,9.39,0.95039526325028,4.85916271111043
122,1987,13,Female,47.1,7.31,0.813373030853723,4.76717203230824
123,1987,14,Male,53.4,9.3,1.01451852653316,5.62837877983925
124,1987,14,Female,49.8,7.07,0.924139268406537,5.54354814496033
125,1987,15,Male,58.4,9.88,1.19618366383057,5.61753115503922
126,1987,15,Female,52.1,7.24,1.17647126412192,6.70280253615738
127,1987,16,Male,60.3,9.28,1.27634569511332,6.13446078051862
128,1987,16,Female,52.7,6.89,0.989991415712632,5.54207870653301
129,1987,17,Male,61.8,9.19,1.31707888324739,6.33307011602226
130,1987,17,Female,52.8,6.81,1.00686209609113,5.51861504519604
131,1988,5,Male,19.2,2.57,1.39809676301652,8.55792615242123
132,1988,5,Female,18.9,2.57,1.20407252057006,7.08868989739976
133,1988,6,Male,21.4,3.29,1.80051523355638,10.3371124973628
134,1988,6,Female,20.9,3.18,1.35636798635771,7.08832964401899
135,1988,7,Male,23.9,3.81,1.60323443417419,8.45134825313618
136,1988,7,Female,23.3,3.69,1.34816080483955,6.71016490797214
137,1988,8,Male,26.9,4.74,1.5819866132387,7.67430418270164
138,1988,8,Female,26.3,4.45,1.24392727025615,5.74724634246551
139,1988,9,Male,30,5.58,1.59214066900905,7.25997712696901
140,1988,9,Female,29.6,5.39,1.29101344105952,6.05553080034074
141,1988,10,Male,33.5,6.67,1.46791505702632,6.53928834005627
142,1988,10,Female,33.6,6.57,1.07206038322706,4.83428285791893
143,1988,11,Male,37.4,7.82,1.30329715924916,5.57431156506104
144,1988,11,Female,38.5,7.45,0.857314730696896,4.2511808344892
145,1988,12,Male,42.9,9.06,1.10716112398638,5.25595375388267
146,1988,12,Female,43.6,7.78,0.844787771696447,5.13540276361696
147,1988,13,Male,48.3,9.51,1.03805666220974,5.46724436187891
148,1988,13,Female,47.3,7.39,0.884702709708775,5.32501764500222
149,1988,14,Male,53.6,9.49,1.07584573991035,5.7071399528368
150,1988,14,Female,49.9,7.12,0.958945124194532,5.72223516994451
151,1988,15,Male,58.5,9.94,1.16966363448999,5.39840656520532
152,1988,15,Female,52,7.3,0.914949172069002,4.97939696733473
153,1988,16,Male,60.6,9.5,1.21979331928024,5.79553491772109
154,1988,16,Female,52.7,7.25,1.21057303634356,6.82517422650443
155,1988,17,Male,61.8,9.23,1.26522025979979,6.01647866103982
156,1988,17,Female,52.7,6.97,1.03331401332296,5.60668896896232
157,1989,5,Male,19.3,2.61,1.38786504986299,8.23404556710143
158,1989,5,Female,18.9,2.59,1.17523770476685,6.78222460623662
159,1989,6,Male,21.5,3.34,1.64055889485478,9.24182452680159
160,1989,6,Female,21,3.22,1.30448368747779,6.63350763110009
161,1989,7,Male,24,3.93,1.71960050700038,8.99849400061758
162,1989,7,Female,23.6,3.82,1.44056027173217,7.29063921750777
163,1989,8,Male,27,4.82,1.62777865312164,7.49508874486042
164,1989,8,Female,26.4,4.51,1.37646069187173,6.58632760890781
165,1989,9,Male,30.3,5.82,1.58789971127075,7.05750285756299
166,1989,9,Female,29.8,5.59,1.22014280920288,5.19522805350532
167,1989,10,Male,33.7,6.73,1.35911378714434,5.66462145617602
168,1989,10,Female,33.9,6.72,1.10556314222354,4.98389020862664
169,1989,11,Male,37.9,7.87,1.21936704421759,5.16166889190977
170,1989,11,Female,38.7,7.64,1.00332549374327,5.18123913811371
171,1989,12,Male,43.4,9.12,1.0960631130279,5.20445210680346
172,1989,12,Female,43.8,7.79,0.876968920742377,5.00782671721078
173,1989,13,Male,48.7,9.65,0.989826688031972,5.02918243092867
174,1989,13,Female,47.4,7.52,0.909126329672239,5.22409247928524
175,1989,14,Male,54.1,9.76,1.1510074490667,6.09321490111611
176,1989,14,Female,50,7.09,0.972352838953692,5.61903425715701
177,1989,15,Male,58.7,10.06,1.17949869550319,5.63304283691085
178,1989,15,Female,51.9,7.38,1.12533986035395,6.23515467363577
179,1989,16,Male,60.6,9.5,1.27014919592068,6.11266078863291
180,1989,16,Female,52.5,6.97,1.05190739740256,5.65814429717736
181,1989,17,Male,62,9.35,1.35333395774738,6.59807147632431
182,1989,17,Female,52.6,7.13,1.32496208054913,7.74112243214106
183,1990,5,Male,19.3,2.69,1.39491056338038,7.7015361077618
184,1990,5,Female,19,2.64,1.2593580034136,7.61991470635379
185,1990,6,Male,21.5,3.37,1.53808024221538,7.82442116117685
186,1990,6,Female,21.1,3.26,1.30045749954206,6.6254369746302
187,1990,7,Male,24,3.95,1.65449518494344,8.38125580281948
188,1990,7,Female,23.6,3.81,1.37236685169982,6.7830380530335
189,1990,8,Male,27.2,4.98,1.62305411333058,7.69471908547877
190,1990,8,Female,26.6,4.63,1.28701264558512,5.85719144927301
191,1990,9,Male,30.3,5.89,1.63431275415886,7.46564827804702
192,1990,9,Female,29.9,5.71,1.30079644166247,5.81069911676904
193,1990,10,Male,33.9,6.94,1.47006814355651,6.63976135637456
194,1990,10,Female,34,6.87,1.11597475388557,5.03800141978312
195,1990,11,Male,38,8.02,1.26843534317518,5.54484635249992
196,1990,11,Female,38.9,7.51,0.842407101514491,4.25044424528159
197,1990,12,Male,43.5,9.35,1.1404723712836,5.26919012092715
198,1990,12,Female,43.9,7.89,0.823682512535296,4.72214210398245
199,1990,13,Male,49,9.7,0.978627052230461,4.88621308968107
200,1990,13,Female,47.5,7.47,0.875130762236186,5.01948892595099
201,1990,14,Male,54.2,9.96,1.21086014180632,6.16970674241876
202,1990,14,Female,50.2,7.32,1.07949081146715,5.93935320221332
203,1990,15,Male,59,10.34,1.25165710937135,5.69815889437223
204,1990,15,Female,52.1,7.72,1.21355773112054,6.4384412375976
205,1990,16,Male,60.7,9.75,1.35224349606122,6.43091174530125
206,1990,16,Female,52.6,7.23,1.18262666196598,6.65404813046189
207,1990,17,Male,62,9.43,1.45165969316468,7.22082439937009
208,1990,17,Female,52.8,7,1.17072830635725,6.44723577372076
209,1991,5,Male,19.3,2.76,1.59637999657445,9.08458149872022
210,1991,5,Female,18.9,2.66,1.25097302430661,7.60146561934541
211,1991,6,Male,21.5,3.36,1.56432543730832,7.91934269486054
212,1991,6,Female,21.2,3.3,1.37932457177122,6.72917677222027
213,1991,7,Male,24.1,3.98,1.70508533805244,8.55656927780314
214,1991,7,Female,23.6,3.88,1.42562315547366,7.16097041882583
215,1991,8,Male,27.1,4.97,1.63664179074994,7.50782015970151
216,1991,8,Female,26.6,4.65,1.34683086089069,6.062812409595
217,1991,9,Male,30.5,6.01,1.50799408532789,6.53115999411181
218,1991,9,Female,30,5.69,1.31678078718125,5.78196950013753
219,1991,10,Male,34.1,7.04,1.33671784805309,5.52792689960657
220,1991,10,Female,33.9,6.69,1.1096960773442,5.07400312158235
221,1991,11,Male,38,8,1.28374587241872,5.58224072129583
222,1991,11,Female,39,7.76,0.921021175552604,4.59664347848478
223,1991,12,Male,43.9,9.45,1.09287721181592,4.90642754975421
224,1991,12,Female,44,8.02,0.876680960738305,5.14482985770034
225,1991,13,Male,49.3,9.89,1.08649749167911,5.59521502457747
226,1991,13,Female,47.5,7.66,1.07336400943109,6.0492172120269
227,1991,14,Male,54.5,9.94,1.12628320943945,5.75385560660393
228,1991,14,Female,50.2,7.4,1.10939724215137,6.20936476831866
229,1991,15,Male,59.2,10.5,1.24627674260421,5.75677800064326
230,1991,15,Female,52.1,7.71,1.21490068623576,6.39994403857976
231,1991,16,Male,61.2,10.11,1.48637510889407,6.98658319874256
232,1991,16,Female,52.9,7.4,1.25032600210463,7.10135244654772
233,1991,17,Male,62.2,9.73,1.44186071156408,6.96844328049084
234,1991,17,Female,52.8,7.23,1.26028359007208,6.84367285725532
235,1992,5,Male,19.3,2.73,1.41134523491288,8.2058207666147
236,1992,5,Female,19,2.68,1.2274033747411,6.98553602674989
237,1992,6,Male,21.6,3.42,1.53784409353027,7.66116777196469
238,1992,6,Female,21.1,3.31,1.44928310494229,7.49808610738752
239,1992,7,Male,24.2,4.1,1.63756133145401,8.01598993640886
240,1992,7,Female,23.6,3.86,1.35460290756096,6.51292145400708
241,1992,8,Male,27.2,5.1,1.65677162349408,7.5870956144836
242,1992,8,Female,26.6,4.72,1.33531806165942,6.10623822230526
243,1992,9,Male,30.6,6.11,1.51453204278235,6.50620557961877
244,1992,9,Female,30.1,5.81,1.30319863208524,5.72759727155491
245,1992,10,Male,34.2,7.12,1.41568649028434,6.01866302360663
246,1992,10,Female,34.2,6.87,1.11889040265905,5.02506921186968
247,1992,11,Male,38.2,8.15,1.28760907578555,5.54611653141626
248,1992,11,Female,39.1,7.75,0.90506528225486,4.52529861237413
249,1992,12,Male,44,9.29,1.0295274910102,4.77727182238927
250,1992,12,Female,44.3,8.12,0.931330782673602,5.10352735045296
251,1992,13,Male,49.4,9.93,1.10233494639523,5.726037819332
252,1992,13,Female,47.8,7.8,1.05786570153906,5.88980918509475
253,1992,14,Male,54.7,9.9,1.11742725310667,5.52393520328687
254,1992,14,Female,50.5,7.53,1.10693832175046,6.24459231358495
255,1992,15,Male,59.3,10.35,1.34437673057003,6.54580237512843
256,1992,15,Female,52.2,7.73,1.16622933154907,6.02667009400245
257,1992,16,Male,61.4,10.06,1.46962285711201,6.94393815547006
258,1992,16,Female,53,7.34,1.15632571302803,6.10573146265026
259,1992,17,Male,62.8,9.82,1.38717811977448,6.48181866714793
260,1992,17,Female,52.9,7.26,1.34260905011162,7.56702529953764
261,1993,5,Male,19.4,2.7,1.23589764315166,7.12057231726629
262,1993,5,Female,19,2.69,1.17612812873508,6.63335210805706
263,1993,6,Male,21.7,3.48,1.58509751806102,7.78263983843051
264,1993,6,Female,21.2,3.35,1.4073899880968,7.42866601322531
265,1993,7,Male,24.3,4.22,1.71758052796172,8.51097631950103
266,1993,7,Female,23.8,3.91,1.31961403339236,6.31587798191945
267,1993,8,Male,27.4,5.2,1.73315219132983,8.42431747498423
268,1993,8,Female,26.8,4.86,1.42203222341633,6.63351176173011
269,1993,9,Male,30.6,6.05,1.45367918981012,6.38257033402594
270,1993,9,Female,30.2,5.75,1.17401785096795,5.09973438189973
271,1993,10,Male,34.3,7.24,1.43292944775476,6.00745437230446
272,1993,10,Female,34.4,6.98,1.07589667026426,4.78903361164786
273,1993,11,Male,38.4,8.32,1.20538147065883,4.93695238797344
274,1993,11,Female,39.4,7.85,0.961376553191072,4.87528865576548
275,1993,12,Male,44,9.46,1.06740337815627,4.96161501012724
276,1993,12,Female,44.2,7.99,0.814934567394723,4.70318205343847
277,1993,13,Male,49.3,9.81,1.00739549906029,5.11826729970066
278,1993,13,Female,47.9,7.84,1.0255788056202,5.61440593071265
279,1993,14,Male,54.7,9.89,1.06920108452824,5.42413845531439
280,1993,14,Female,50.4,7.52,1.19213570775901,6.50832557343713
281,1993,15,Male,59.7,10.52,1.25177586431222,5.65607082368903
282,1993,15,Female,52.3,7.81,1.30843578782582,7.07633200129213
283,1993,16,Male,61.5,10.09,1.45313461146167,6.81324944352309
284,1993,16,Female,53,7.38,1.23803182484073,6.55578879269795
285,1993,17,Male,62.8,10.02,1.43226524606669,6.76165569742353
286,1993,17,Female,53.2,7.47,1.38903655648822,7.66091395470282
287,1994,5,Male,19.3,2.78,1.44259476491748,7.87473694805466
288,1994,5,Female,18.9,2.69,1.25905302037339,6.88695765749514
289,1994,6,Male,21.6,3.46,1.55733269830296,8.04922550354823
290,1994,6,Female,21.2,3.38,1.31985519585564,6.54865477551187
291,1994,7,Male,24.3,4.31,1.93232665941911,10.0837157504464
292,1994,7,Female,23.7,3.94,1.31187889638986,6.2943584403918
293,1994,8,Male,27.3,5.13,1.71403404320161,8.21281780050994
294,1994,8,Female,26.8,4.86,1.33455873018738,5.88918070826347
295,1994,9,Male,30.7,6.3,1.51655627870042,6.46612451990059
296,1994,9,Female,30.3,5.86,1.2007710568742,5.30921570664592
297,1994,10,Male,34.2,7.23,1.43836421932223,6.1981435837182
298,1994,10,Female,34.6,7.12,1.17138352277149,5.30248998560242
299,1994,11,Male,38.4,8.3,1.27295362691576,5.67637226976005
300,1994,11,Female,39.4,7.94,0.935408714414694,4.64294370690821
301,1994,12,Male,44,9.61,1.13379045333187,5.28015259817782
302,1994,12,Female,44.4,8.11,0.901608273196456,5.01621003590725
303,1994,13,Male,49.3,9.96,1.00421264342516,5.10868278284746
304,1994,13,Female,47.8,7.68,1.0513276645211,6.09848887790678
305,1994,14,Male,54.6,9.84,1.09492614140222,5.77832283677645
306,1994,14,Female,50.5,7.57,1.12211929230922,6.18690819370292
307,1994,15,Male,59.5,10.44,1.27333050188204,5.92015648059443
308,1994,15,Female,52.2,7.78,1.22531962235951,6.35942057957206
309,1994,16,Male,61.5,10.08,1.398633880859,6.49385539315373
310,1994,16,Female,52.8,7.32,1.1085950646771,5.94262997440384
311,1994,17,Male,62.9,9.93,1.39493778788265,6.70875817438275
312,1994,17,Female,53.1,7.29,1.2215640113334,6.36706025048083
313,1995,5,Male,19.4,2.87,1.73383758567337,10.8368298979778
314,1995,5,Female,19,2.73,1.35828874334166,8.33666679889147
315,1995,6,Male,21.7,3.53,1.62472586251493,8.10422872407641
316,1995,6,Female,21.3,3.41,1.33933534052009,6.61374574464851
317,1995,7,Male,24.4,4.24,1.62572321616764,7.6713188422675
318,1995,7,Female,23.9,4.13,1.57232227100478,8.35492217611561
319,1995,8,Male,27.6,5.38,1.69396460850201,7.54395118830576
320,1995,8,Female,27,4.98,1.41128362749089,6.54532371278347
321,1995,9,Male,30.8,6.22,1.54359814006259,6.86765617128297
322,1995,9,Female,30.5,6.11,1.32054958877705,6.03766209373619
323,1995,10,Male,34.5,7.33,1.40775206308522,5.81263974104368
324,1995,10,Female,34.6,7,1.01269781170051,4.5254734753033
325,1995,11,Male,38.6,8.39,1.25772035837881,5.35429803683059
326,1995,11,Female,39.6,8.05,0.980674695866381,4.91813876583918
327,1995,12,Male,44.1,9.6,1.1458933820067,5.44477265928063
328,1995,12,Female,44.6,8.18,0.931954521609033,5.05844205593049
329,1995,13,Male,49.8,10.35,1.14304599182355,5.71162728216056
330,1995,13,Female,48,7.86,1.04624330794522,5.79863572397408
331,1995,14,Male,54.7,10.04,1.19238926813564,6.17597987386041
332,1995,14,Female,50.5,7.59,1.17690978964642,6.36413649676757
333,1995,15,Male,59.8,10.8,1.34826565046995,6.13023171839443
334,1995,15,Female,52.3,7.91,1.18089610408867,6.07950391824942
335,1995,16,Male,61.7,10.33,1.39386794374162,6.34317233299933
336,1995,16,Female,53.2,7.67,1.28811341073888,7.0181070965176
337,1995,17,Male,63,10.1,1.42582352210494,6.7635577634773
338,1995,17,Female,53.3,7.73,1.35459407546746,7.14004436084397
339,1996,5,Male,19.3,2.82,1.58863090334979,9.09179170996368
340,1996,5,Female,19,2.74,1.29995677128838,7.15329396927038
341,1996,6,Male,21.8,3.63,1.60615371159245,8.05071229950302
342,1996,6,Female,21.3,3.47,1.48293702845099,7.74635622179193
343,1996,7,Male,24.4,4.31,1.6809523469345,7.86579682619382
344,1996,7,Female,23.9,4.08,1.37776072810963,6.24988086157696
345,1996,8,Male,27.7,5.42,1.59230691944159,6.92459443602373
346,1996,8,Female,27.1,5.06,1.36348067254354,5.98550489147977
347,1996,9,Male,31.1,6.44,1.52006954894116,6.50135456477785
348,1996,9,Female,30.6,6.19,1.25263263901878,5.31300271134765
349,1996,10,Male,34.8,7.57,1.4373706393423,6.12307182187296
350,1996,10,Female,34.9,7.29,1.14828018536625,5.56789331914538
351,1996,11,Male,39,8.68,1.22396374582617,5.09652726959144
352,1996,11,Female,40,8.13,0.909501815507802,4.45968638694261
353,1996,12,Male,44.5,9.72,1.09280297313597,4.87252926631905
354,1996,12,Female,44.7,8.27,0.911725311501218,4.9617530376771
355,1996,13,Male,49.9,10.32,1.18675968018325,6.07728706491683
356,1996,13,Female,48.1,7.9,1.09231373292524,5.8430381355124
357,1996,14,Male,54.9,10.08,1.16757164782146,5.93293507915321
358,1996,14,Female,50.6,7.69,1.24347420719764,6.79198980155106
359,1996,15,Male,59.7,10.65,1.32347493864047,6.18885277421721
360,1996,15,Female,52.3,7.89,1.22334098779099,6.35792133800189
361,1996,16,Male,61.5,9.99,1.46514609542229,7.08388739805812
362,1996,16,Female,53.3,7.8,1.3614675310233,7.08756344929814
363,1996,17,Male,63.1,10.09,1.49051739055813,7.156148449686
364,1996,17,Female,53.2,7.59,1.27733791114201,6.68443863207623
365,1997,5,Male,19.3,2.86,1.58916525398736,8.76357705814909
366,1997,5,Female,18.9,2.72,1.25909049965021,6.90670771257117
367,1997,6,Male,21.7,3.68,1.76626741541461,9.12892537319056
368,1997,6,Female,21.2,3.49,1.52417814167197,7.93012465651047
369,1997,7,Male,24.5,4.53,1.88210926127945,9.28187006534163
370,1997,7,Female,23.8,4.18,1.56728990754665,7.76484304863267
371,1997,8,Male,27.7,5.48,1.58902545422999,6.86146716985199
372,1997,8,Female,27,5.18,1.47203151933843,6.60244413282212
373,1997,9,Male,31.2,6.68,1.53066886129057,6.47935727831449
374,1997,9,Female,30.5,6.19,1.29239007303238,5.90172179799454
375,1997,10,Male,34.9,7.78,1.44212953503916,6.43743069168996
376,1997,10,Female,34.8,7.35,1.08906896926477,4.76917929532825
377,1997,11,Male,39.1,8.78,1.25071935166818,5.33938532793942
378,1997,11,Female,39.8,8.14,0.97447547350261,4.88686193658113
379,1997,12,Male,44.6,9.89,1.16016374615577,5.34069867589307
380,1997,12,Female,44.7,8.37,1.02967895289168,5.50802257653237
381,1997,13,Male,49.9,10.36,1.10309857791479,5.34563998274997
382,1997,13,Female,47.9,7.98,1.16247298115007,6.20183858977926
383,1997,14,Male,54.9,10.1,1.19668031667668,6.09660939756468
384,1997,14,Female,50.4,7.75,1.30505019830335,7.11296489532749
385,1997,15,Male,59.7,10.86,1.38691535894462,6.20889893165019
386,1997,15,Female,52,7.97,1.27420495605559,6.39052552399496
387,1997,16,Male,61.5,10.34,1.45851009140179,6.79260314754517
388,1997,16,Female,53,7.71,1.30122334267083,6.89895972831224
389,1997,17,Male,62.9,10.15,1.50014035318807,7.02507551446813
390,1997,17,Female,52.9,7.56,1.28956343716911,7.17999244660553
391,1998,5,Male,19.2,2.77,1.60554666979065,9.31512724365617
392,1998,5,Female,18.9,2.69,1.26925225545007,6.80547930542607
393,1998,6,Male,21.7,3.66,1.70492014474669,8.63521130856959
394,1998,6,Female,21.3,3.51,1.53462028275064,7.63214775403531
395,1998,7,Male,24.4,4.51,1.84491397412924,9.22927561235661
396,1998,7,Female,23.8,4.15,1.51904068171187,7.35117924601426
397,1998,8,Male,27.7,5.51,1.62863372824109,7.27775426976528
398,1998,8,Female,27,5.12,1.40496420016,6.23557259277637
399,1998,9,Male,31.3,6.78,1.59039944904343,6.97864332418688
400,1998,9,Female,30.6,6.25,1.25057249328471,5.32841201104805
401,1998,10,Male,35,7.82,1.35210287819874,5.53347635756472
402,1998,10,Female,35,7.34,1.08302247930051,4.90567923464685
403,1998,11,Male,39.4,9,1.24765521547805,5.20655147166443
404,1998,11,Female,40.1,8.31,1.00263115290818,4.88587139002548
405,1998,12,Male,44.9,9.94,1.09275470067188,4.99797510011865
406,1998,12,Female,44.9,8.51,0.983045485386322,5.1906971412178
407,1998,13,Male,50.2,10.34,1.09299225570046,5.30787499822904
408,1998,13,Female,48.3,8.2,1.12380856022216,5.76642282500987
409,1998,14,Male,55.2,10.42,1.25850411786645,6.20249860516115
410,1998,14,Female,50.6,7.86,1.29703810013809,6.92292461066499
411,1998,15,Male,59.7,11.07,1.41450492459596,6.42752946996795
412,1998,15,Female,52.1,8.01,1.27431965023977,6.51064593698976
413,1998,16,Male,61.3,10.34,1.45457599363823,6.6540187897573
414,1998,16,Female,53.1,7.87,1.37168788304406,7.16064976117956
415,1998,17,Male,62.7,10.35,1.55720449135375,7.40537673014344
416,1998,17,Female,53.1,7.91,1.42643474227108,7.51061017040011
417,1999,5,Male,19.2,2.84,1.4535799333542,8.16644456694183
418,1999,5,Female,18.8,2.72,1.37212157571052,8.82147074407203
419,1999,6,Male,21.7,3.64,1.65877790117618,8.22449938470769
420,1999,6,Female,21.3,3.45,1.41333254386378,6.8273979813038
421,1999,7,Male,24.4,4.38,1.6072092725069,7.62792595922655
422,1999,7,Female,23.8,4.11,1.43454622386905,6.79550043882406
423,1999,8,Male,27.7,5.55,1.62420237212613,7.16046796552124
424,1999,8,Female,27,5.14,1.47648101768763,6.73870306591681
425,1999,9,Male,31.2,6.7,1.51297599091856,6.38538876126034
426,1999,9,Female,30.7,6.37,1.32508241214137,5.63363810669228
427,1999,10,Male,35.1,7.98,1.40806015868416,5.66500319028072
428,1999,10,Female,34.9,7.45,1.18854027496829,5.57994415250879
429,1999,11,Male,39.3,8.95,1.20835570303509,5.06177324065239
430,1999,11,Female,40,8.28,1.00548492428366,5.15553363554851
431,1999,12,Male,45.1,10.19,1.16103132133248,5.34603801993064
432,1999,12,Female,45.1,8.59,0.954497044582975,4.99233417442709
433,1999,13,Male,50.2,10.37,1.1167580897707,5.5010727742046
434,1999,13,Female,48.2,8.21,1.1666571287013,6.06341663311878
435,1999,14,Male,55.3,10.54,1.28393597298563,6.13871343696013
436,1999,14,Female,50.7,7.88,1.21563692408101,6.4392485501607
437,1999,15,Male,59.3,10.75,1.36535216623323,6.18066422445244
438,1999,15,Female,52.2,8.36,1.42813414966199,7.192999510847
439,1999,16,Male,61.1,10.09,1.4534992452866,6.80459772217144
440,1999,16,Female,53.1,8.05,1.3846420916652,7.19793823973596
441,1999,17,Male,62.4,10.14,1.51692591165952,7.19163439705513
442,1999,17,Female,53.1,7.95,1.3282399204207,6.80912300233963
443,2000,5,Male,19.2,2.81,1.60202276560503,9.40400345749267
444,2000,5,Female,18.8,2.69,1.3154891318272,7.92918440033569
445,2000,6,Male,21.8,3.78,1.76254257816746,8.55807172258212
446,2000,6,Female,21.3,3.55,1.60885519321407,8.54898549406123
447,2000,7,Male,24.4,4.42,1.76242756688912,8.46457952827862
448,2000,7,Female,23.8,4.22,1.57926407858855,7.44589090141726
449,2000,8,Male,27.7,5.63,1.81822143245601,8.94162292918466
450,2000,8,Female,27,5.26,1.51257009582312,6.90998737881814
451,2000,9,Male,31.2,6.83,1.5150657573599,6.3989929809251
452,2000,9,Female,30.7,6.41,1.29702405898593,5.43704744187986
453,2000,10,Male,35.1,7.94,1.44528785849129,6.0891125890135
454,2000,10,Female,34.9,7.51,1.09034849087594,4.82084900141816
455,2000,11,Male,39.4,9.15,1.31123006687385,5.60168096944491
456,2000,11,Female,40.1,8.35,0.979573522224158,4.94158133870947
457,2000,12,Male,45.4,10.39,1.18851095793602,5.38412539632539
458,2000,12,Female,45,8.59,1.00462126390008,5.32482245292249
459,2000,13,Male,50.4,10.48,1.05916054355807,5.08149384796652
460,2000,13,Female,48.3,8.24,1.32906589346034,7.21002746025153
461,2000,14,Male,55.4,10.34,1.23874252948517,6.12500323161267
462,2000,14,Female,50.7,7.95,1.18394006693105,6.17477925186317
463,2000,15,Male,59.7,10.83,1.34737981231237,5.90557945712699
464,2000,15,Female,52.1,8.26,1.29019056036177,6.26813597511866
465,2000,16,Male,61.2,10.13,1.49052072839091,7.06383830468931
466,2000,16,Female,53,7.81,1.23670527646823,6.28516373110898
467,2000,17,Male,62.6,10.32,1.5608644107862,7.47711622930366
468,2000,17,Female,53.1,7.89,1.29255474350506,6.72990140385786
469,2001,5,Male,19.2,2.76,1.44157841006112,8.33090671561813
470,2001,5,Female,18.8,2.72,1.28004234968887,7.15924358643594
471,2001,6,Male,21.7,3.68,1.78392051763734,9.22379453090978
472,2001,6,Female,21.2,3.45,1.39207231526601,6.91667439544818
473,2001,7,Male,24.3,4.42,1.73456014460983,8.1334225106457
474,2001,7,Female,23.7,4.08,1.52627136139448,7.64166942982616
475,2001,8,Male,27.6,5.57,1.70978334001232,8.08279095557505
476,2001,8,Female,26.9,5.16,1.43474175514123,6.37461130204334
477,2001,9,Male,31.1,6.81,1.57825674656811,6.92631624340742
478,2001,9,Female,30.5,6.36,1.34088052907369,5.82850072888678
479,2001,10,Male,35,7.99,1.44066422671379,6.10776988806833
480,2001,10,Female,34.7,7.29,1.12354043476669,5.02356779789534
481,2001,11,Male,39.5,9.25,1.23775795373127,5.12183173910588
482,2001,11,Female,40.1,8.35,0.928141245609022,4.43349530477872
483,2001,12,Male,45.4,10.46,1.10622847641111,4.8735661036295
484,2001,12,Female,44.9,8.61,0.996548676854165,5.28911085224989
485,2001,13,Male,50.6,10.64,1.10432364777213,5.35445464756938
486,2001,13,Female,48.3,8.37,1.24437266255886,6.79831713545154
487,2001,14,Male,55.5,10.55,1.27414781223856,6.17568810936385
488,2001,14,Female,50.9,8.12,1.31411606384822,6.80537865236993
489,2001,15,Male,60.1,11.06,1.3635176247358,6.02780127547469
490,2001,15,Female,52.2,8.53,1.45274066054094,7.48162005597245
491,2001,16,Male,61.7,10.67,1.52563233769201,7.20308161778855
492,2001,16,Female,53.2,8.14,1.25839251952711,6.29713216952101
493,2001,17,Male,62.8,10.47,1.54312512526884,7.41524096545756
494,2001,17,Female,53.2,8.11,1.40877328855314,7.28671459762476
495,2002,5,Male,19.2,2.77,1.56347427039348,8.8527844489779
496,2002,5,Female,18.9,2.72,1.24975351964437,6.75897566711072
497,2002,6,Male,21.7,3.64,1.64726859668741,8.34526281498517
498,2002,6,Female,21.1,3.49,1.55549458635222,8.1028498852688
499,2002,7,Male,24.3,4.48,1.72582380910526,7.94012392475766
500,2002,7,Female,23.8,4.2,1.54542614078007,7.43432633236868
501,2002,8,Male,27.7,5.61,1.6194016032836,7.05504752021197
502,2002,8,Female,26.9,5.19,1.44161273234935,6.41609062544788
503,2002,9,Male,31.2,6.87,1.63790195328162,7.19231437379251
504,2002,9,Female,30.4,6.31,1.34272710295785,5.8545687940377
505,2002,10,Male,34.9,7.97,1.47666666731827,6.41270582047089
506,2002,10,Female,34.8,7.56,1.1397923929299,4.91764238917617
507,2002,11,Male,39.4,9.34,1.55570789294587,7.78454401507627
508,2002,11,Female,39.8,8.33,0.864131561227078,4.20071358345388
509,2002,12,Male,45.2,10.42,1.14713532946654,5.24681882259855
510,2002,12,Female,44.9,8.84,1.00335923835554,5.0930041208845
511,2002,13,Male,50.6,10.8,1.1932525850246,5.77158724679835
512,2002,13,Female,48.3,8.47,1.17647326109495,6.05322148739262
513,2002,14,Male,55.5,10.72,1.28745822218639,6.26045031629452
514,2002,14,Female,50.9,8.26,1.3300874599987,6.87023840353772
515,2002,15,Male,60.3,11.43,1.33918276001447,5.69800874903293
516,2002,15,Female,52.4,8.52,1.45294819547664,7.3623896649421
517,2002,16,Male,61.9,10.88,1.57922341443414,7.19997568224135
518,2002,16,Female,53.3,8.2,1.40486358123724,7.24896416879941
519,2002,17,Male,63.2,10.96,1.50786600097355,6.91825640166566
520,2002,17,Female,53.5,8.29,1.45062579915893,7.49204004098893
521,2003,5,Male,19.2,2.76,1.41895084632288,7.71745993484106
522,2003,5,Female,18.8,2.67,1.18810647586541,6.65896633670399
523,2003,6,Male,21.7,3.61,1.63690426948187,8.03320344465012
524,2003,6,Female,21.2,3.42,1.40221120658165,7.37333177177643
525,2003,7,Male,24.4,4.4,1.69324807945814,8.0676329392791
526,2003,7,Female,23.8,4.22,1.59041731074358,8.02065685592673
527,2003,8,Male,27.8,5.71,1.68490514636087,7.37159500057167
528,2003,8,Female,26.9,5.13,1.44779433642737,6.44906483251662
529,2003,9,Male,31.3,6.81,1.60006860324505,6.83030797743763
530,2003,9,Female,30.5,6.35,1.34161245591693,5.80872585189202
531,2003,10,Male,34.9,7.97,1.48703989026463,6.18528901079987
532,2003,10,Female,34.7,7.5,1.17349538961522,5.11542736488307
533,2003,11,Male,39.4,9.23,1.32523541146532,5.69555734616066
534,2003,11,Female,40,8.44,0.924033880746205,4.45643033261332
535,2003,12,Male,45.1,10.45,1.18642251199378,5.44115036023343
536,2003,12,Female,44.8,8.71,0.996718694880816,5.22854085409205
537,2003,13,Male,50.3,10.7,1.14452967979431,5.55172550852557
538,2003,13,Female,48.1,8.29,1.16233779279107,6.03151846067114
539,2003,14,Male,55.4,10.68,1.28658510322612,6.25577523332014
540,2003,14,Female,50.9,8.1,1.2091309872011,6.41517512131303
541,2003,15,Male,60.4,11.25,1.28886455499994,5.65812391383993
542,2003,15,Female,52.3,8.47,1.37704967810586,6.92304307731671
543,2003,16,Male,62.2,10.84,1.43737157735527,6.41000848975122
544,2003,16,Female,53.4,8.51,1.49891259641312,7.56010349830949
545,2003,17,Male,63.5,10.61,1.44061457993802,6.56829937519968
546,2003,17,Female,53.5,8.4,1.34584747256603,6.74331251054237
547,2004,5,Male,19.1,2.78,1.51313663656936,9.06598594626573
548,2004,5,Female,18.7,2.66,1.40378948447241,9.86090829788695
549,2004,6,Male,21.6,3.56,1.81998840416088,10.2141353092893
550,2004,6,Female,21.1,3.42,1.46361521396171,7.18495249785583
551,2004,7,Male,24.3,4.46,1.85297801644127,8.84930254985422
552,2004,7,Female,23.6,4.01,1.53569809601353,7.60566863802988
553,2004,8,Male,27.5,5.56,1.72225447612352,7.76411995291022
554,2004,8,Female,26.7,5.06,1.50827523270392,6.84626894954897
555,2004,9,Male,31,6.7,1.57560463755406,6.76029197556169
556,2004,9,Female,30.3,6.24,1.40357496679705,6.88041076451048
557,2004,10,Male,34.7,7.92,1.60151102912628,7.53512997101003
558,2004,10,Female,34.5,7.39,1.17303804984953,5.11541675464204
559,2004,11,Male,39,8.98,1.24140136129993,5.0567120366752
560,2004,11,Female,39.6,8.36,1.06699237908358,5.28365987764821
561,2004,12,Male,44.9,10.41,1.2273294263591,5.57678570464518
562,2004,12,Female,44.5,8.68,1.00936005336949,5.20245527658332
563,2004,13,Male,50.1,10.77,1.22527411598961,6.05693374873872
564,2004,13,Female,48,8.44,1.23512603974843,6.40002039984945
565,2004,14,Male,55.2,10.73,1.23069344490296,5.99965263505718
566,2004,14,Female,50.7,8.16,1.28249641282983,6.7395590064299
567,2004,15,Male,60.1,11.45,1.37075244500528,6.03101086829291
568,2004,15,Female,52.5,8.8,1.46424823999616,7.14864926940339
569,2004,16,Male,62.2,11.12,1.44851248150228,6.38624157261133
570,2004,16,Female,53.4,8.43,1.42514915277397,7.6318030655934
571,2004,17,Male,63.5,10.91,1.52135514012597,7.04302985164015
572,2004,17,Female,53.5,8.38,1.36753492287994,6.84905966639434
573,2005,5,Male,19.1,2.75,1.54973597254209,9.97818691280339
574,2005,5,Female,18.7,2.64,1.34780506369949,9.54554190233783
575,2005,6,Male,21.6,3.55,1.64080643168267,8.56320260376877
576,2005,6,Female,21.1,3.42,1.33975197174065,6.56870293223082
577,2005,7,Male,24.3,4.34,1.76965081748944,8.54224369255621
578,2005,7,Female,23.6,4.03,1.46407104500282,7.42246537256246
579,2005,8,Male,27.4,5.44,1.66048054784658,7.4643976204289
580,2005,8,Female,26.8,5.03,1.42953477389162,6.40223642864029
581,2005,9,Male,30.9,6.56,1.56804460168069,6.78461902302558
582,2005,9,Female,30.2,6.14,1.39255722305987,6.47574606984581
583,2005,10,Male,34.7,7.65,1.46784932530862,6.21616567028841
584,2005,10,Female,34.4,7.34,1.20141953398318,5.3788731625577
585,2005,11,Male,39.1,9.16,1.32904720756984,5.5255256212622
586,2005,11,Female,39.5,8.21,0.937578405317888,4.51966637035158
587,2005,12,Male,44.9,10.34,1.15610295805633,5.17875411310251
588,2005,12,Female,44.4,8.7,1.0927025420339,5.79735153812907
589,2005,13,Male,50.1,10.58,1.1976428114214,5.95862355894837
590,2005,13,Female,48,8.29,1.1430741010577,6.11291872338147
591,2005,14,Male,55.3,10.62,1.26210917727789,6.1481544968108
592,2005,14,Female,50.8,8.09,1.27281161671995,6.79740010067094
593,2005,15,Male,60.3,11.35,1.32255218740351,5.92453847098117
594,2005,15,Female,52.4,8.5,1.326934939256,6.69588335159967
595,2005,16,Male,62.2,11.01,1.52226563654066,6.86099811562673
596,2005,16,Female,53.3,8.13,1.34772603827265,6.9916712434521
597,2005,17,Male,63.8,11.08,1.51995638371223,6.87188818481556
598,2005,17,Female,53.7,8.45,1.51472023492211,8.18205218342607
599,2006,5,Male,19.1,2.72,1.54099281202286,9.70762716540854
600,2006,5,Female,18.7,2.63,1.15612060882979,6.55331764254461
601,2006,6,Male,21.6,3.66,1.779712552383,9.42652478601446
602,2006,6,Female,21.1,3.34,1.2822491542177,6.26158741838723
603,2006,7,Male,24.2,4.26,1.75904200814794,9.06017710230588
604,2006,7,Female,23.6,4.02,1.51132593268375,7.43275725259227
605,2006,8,Male,27.4,5.37,1.651176043151,7.33108269573173
606,2006,8,Female,26.6,4.89,1.42856718666911,6.52750523190564
607,2006,9,Male,30.9,6.56,1.53217822954583,6.47669097234898
608,2006,9,Female,30.1,6.01,1.33171236671507,5.98675145237354
609,2006,10,Male,34.5,7.55,1.43584421162975,6.09383807853161
610,2006,10,Female,34.2,7.14,1.15593027663928,5.09763238892757
611,2006,11,Male,38.8,8.82,1.22477204886146,5.01123533945079
612,2006,11,Female,39.5,8.15,0.958358348475415,4.69870260925277
613,2006,12,Male,44.9,10.48,1.20479996455,5.39003567451794
614,2006,12,Female,44.4,8.45,1.01587432636133,5.46876084300623
615,2006,13,Male,49.9,10.53,1.20047531969338,5.94010986895227
616,2006,13,Female,47.9,8.2,1.24110759625235,6.74304647470265
617,2006,14,Male,55.1,10.62,1.27077037889576,6.25317671933333
618,2006,14,Female,50.6,8.03,1.21504788042818,6.40490334981691
619,2006,15,Male,60.1,11.27,1.33081531038296,5.90146783439421
620,2006,15,Female,52.3,8.21,1.23999556811954,6.22025673110953
621,2006,16,Male,62,10.81,1.41108016902718,6.48712192190311
622,2006,16,Female,53.4,8.22,1.48185820855345,7.86737061241083
623,2006,17,Male,63.9,11.04,1.47685035488989,6.6568878088162
624,2006,17,Female,53.7,8.32,1.42633284610751,7.40951656358227
625,2007,5,Male,19.1,2.7,1.43164968000239,8.20487723748466
626,2007,5,Female,18.7,2.65,1.29598689700152,7.88508338279838
627,2007,6,Male,21.5,3.49,1.68434479822202,8.99428287152519
628,2007,6,Female,21,3.32,1.41619622218282,7.54143514039511
629,2007,7,Male,24.2,4.36,1.72315025034524,8.03323570809707
630,2007,7,Female,23.5,3.99,1.51318923011054,7.55098249285759
631,2007,8,Male,27.4,5.32,1.65625380436195,7.52116651209287
632,2007,8,Female,26.6,4.98,1.51821229806352,7.28481906355958
633,2007,9,Male,30.7,6.35,1.53518197335615,6.7297631578486
634,2007,9,Female,30,6,1.34812030061232,5.99695397630974
635,2007,10,Male,34.4,7.7,1.47266286685987,6.14539003954376
636,2007,10,Female,34.3,7.3,1.24433894470421,5.63513883053425
637,2007,11,Male,38.7,8.77,1.31688031161517,5.53539158276972
638,2007,11,Female,39.1,8.11,0.976014339250152,4.67753484528472
639,2007,12,Male,44.5,10.24,1.20827401153157,5.43006824547912
640,2007,12,Female,44.1,8.5,1.03070998005445,5.33027538545111
641,2007,13,Male,49.6,10.64,1.24659162350309,6.00586275335002
642,2007,13,Female,47.6,8.11,1.10149272266946,5.72735855950884
643,2007,14,Male,54.7,10.46,1.3035661889615,6.39537480024563
644,2007,14,Female,50.3,8.05,1.33719952724103,7.13073732662925
645,2007,15,Male,60,11.63,1.51241323309876,6.83293065147491
646,2007,15,Female,52.1,8.33,1.38735123087021,7.07655611856364
647,2007,16,Male,62,11.05,1.4779688872633,6.75965700360667
648,2007,16,Female,53.2,8.2,1.34275340390103,6.88560481717348
649,2007,17,Male,63.7,11.02,1.39830867462919,6.27298414215544
650,2007,17,Female,53.5,8.41,1.50482879515923,7.83877275447838
651,2008,5,Male,19.1,2.73,1.46438293322911,8.44380782045326
652,2008,5,Female,18.6,2.59,1.09273983135247,6.3672615180756
653,2008,6,Male,21.5,3.4,1.63071536504597,8.92884163140479
654,2008,6,Female,21,3.29,1.31996992255824,6.63187250624968
655,2008,7,Male,24.2,4.26,1.86892226267208,9.91987823679159
656,2008,7,Female,23.6,3.93,1.41909647379993,6.87459938992281
657,2008,8,Male,27.3,5.25,1.64749737696996,7.40882111554471
658,2008,8,Female,26.6,4.86,1.44515344567816,6.8895572153175
659,2008,9,Male,30.8,6.52,1.66541442589015,7.39489067002459
660,2008,9,Female,30.1,5.91,1.25771002754453,5.4629288741387
661,2008,10,Male,34.3,7.53,1.44165983332898,5.98927773560038
662,2008,10,Female,34.4,7.34,1.20662329919115,5.30386480099621
663,2008,11,Male,38.8,8.71,1.31828503430767,5.69813465658166
664,2008,11,Female,39.3,8.04,0.984163170793404,4.74985788520133
665,2008,12,Male,44.5,10.04,1.11472884060643,5.02687880503126
666,2008,12,Female,44.2,8.45,1.02476855238222,5.52678601465923
667,2008,13,Male,49.5,10.38,1.18367439321346,5.76904797796546
668,2008,13,Female,47.7,8.05,1.06767774753184,5.67067704533156
669,2008,14,Male,54.9,10.44,1.32306775075684,6.62878829989552
670,2008,14,Female,50.4,7.89,1.23644835851524,6.71265382798746
671,2008,15,Male,59.8,11.34,1.380477680472,6.09991937610174
672,2008,15,Female,52,8.24,1.3127000529674,6.73325431284493
673,2008,16,Male,61.6,10.7,1.40034105608883,6.49707598794014
674,2008,16,Female,53,8.24,1.38948969677165,7.63277926220458
675,2008,17,Male,63.4,11.37,1.59356571390229,7.45281363779357
676,2008,17,Female,53.2,8.13,1.40341011605679,7.77408603125847
677,2009,5,Male,19,2.69,1.57388503778635,9.78223065435405
678,2009,5,Female,18.6,2.59,1.20228904018748,7.45525922493326
679,2009,6,Male,21.5,3.44,1.62494109990777,8.44793803766067
680,2009,6,Female,21,3.29,1.40970165693684,7.19493023949715
681,2009,7,Male,24.1,4.13,1.61744752781366,7.98318306059053
682,2009,7,Female,23.5,3.86,1.45482762076568,7.59550667307163
683,2009,8,Male,27.2,5.07,1.53497360432702,6.82992830533631
684,2009,8,Female,26.5,4.88,1.54004108027588,7.73169578576196
685,2009,9,Male,30.6,6.35,1.52829294457378,6.3904696493238
686,2009,9,Female,30,5.9,1.29699554931751,5.65179376873817
687,2009,10,Male,34.2,7.57,1.4848402338526,6.1113882321023
688,2009,10,Female,34.1,7.08,1.21005303749456,5.55159600696411
689,2009,11,Male,38.4,8.6,1.36903629561592,5.98635795622162
690,2009,11,Female,39,7.94,1.05974882560603,5.29156833302814
691,2009,12,Male,44.2,9.92,1.17138734506524,5.26597235709844
692,2009,12,Female,43.8,8.25,1.00241345216555,5.40248385961996
693,2009,13,Male,49.1,10.18,1.23344922161755,6.23444933326312
694,2009,13,Female,47.3,7.94,1.21056615495326,6.72995776155624
695,2009,14,Male,54.3,10.18,1.23558183005103,6.35434320057793
696,2009,14,Female,50.2,7.83,1.21326188621887,6.74900419958011
697,2009,15,Male,59.5,10.94,1.33807202898811,6.23709946575511
698,2009,15,Female,51.6,8.04,1.24334282070888,6.30681061542056
699,2009,16,Male,61.3,10.47,1.48830321305699,7.02700467142188
700,2009,16,Female,52.8,8.01,1.32379451335497,6.95660844293132
701,2009,17,Male,63.1,10.78,1.44133372791006,6.71138669310275
702,2009,17,Female,52.9,8.07,1.42860321522505,7.82419158693043
703,2010,5,Male,19,2.7,1.39718135795053,8.09257810191431
704,2010,5,Female,18.6,2.58,1.21347753113662,7.15163601298982
705,2010,6,Male,21.4,3.36,1.48836812898142,7.69757794669887
706,2010,6,Female,21,3.22,1.29147383706767,6.5634532339023
707,2010,7,Male,24,4.06,1.55875389832707,7.80378152913985
708,2010,7,Female,23.5,3.88,1.44467134580382,7.09710914787845
709,2010,8,Male,27.2,5.06,1.57650424920052,7.27346814803053
710,2010,8,Female,26.5,4.73,1.37831266362795,6.50174846667908
711,2010,9,Male,30.5,6.24,1.66299168686167,7.92403306043461
712,2010,9,Female,30,5.79,1.24119796945401,5.52267728654498
713,2010,10,Male,34.1,7.21,1.41417544049302,5.88178114153959
714,2010,10,Female,34.1,6.96,1.10087945449584,5.03246149737496
715,2010,11,Male,38.4,8.58,1.37303323686167,6.0550327826544
716,2010,11,Female,39,7.91,0.97193946315472,4.68276794043415
717,2010,12,Male,44.1,9.79,1.12993913055852,5.08291097948899
718,2010,12,Female,43.8,8.16,0.967117793029977,5.12755578851799
719,2010,13,Male,49.2,10.01,1.09647826248261,5.54553352785948
720,2010,13,Female,47.3,7.77,1.08241705266021,6.15867098615646
721,2010,14,Male,54.4,10.14,1.24601771683395,6.21952210132789
722,2010,14,Female,50,7.78,1.14848725840153,6.15817200455312
723,2010,15,Male,59.5,10.82,1.29633490865971,6.01320904884462
724,2010,15,Female,51.6,8.01,1.35352765414087,6.99252948486881
725,2010,16,Male,61.5,10.66,1.45513039199428,6.74911822961083
726,2010,16,Female,52.7,8.01,1.36888794747629,7.39794401919409
727,2010,17,Male,63.1,10.59,1.3646097649975,6.57542127671255
728,2010,17,Female,52.9,7.93,1.20842162630596,6.36014882140286
729,2011,5,Male,18.9,2.57,1.45299055644682,9.87969177298736
730,2011,5,Female,18.5,2.51,1.04078503166105,5.89492121279624
731,2011,6,Male,21.3,3.28,1.53842387786426,7.94905178484755
732,2011,6,Female,20.8,3.14,1.32640339275197,7.04786295896467
733,2011,7,Male,24,4.16,1.75040603249422,8.89643999700371
734,2011,7,Female,23.4,3.79,1.447600475384,7.3118022883784
735,2011,8,Male,27,5.02,1.79228887976559,9.24564436313016
736,2011,8,Female,26.4,4.73,1.45454824926428,6.81769043668931
737,2011,9,Male,30.3,5.95,1.48970988427259,6.4928838920249
738,2011,9,Female,29.8,5.76,1.32954572051751,6.34658111872458
739,2011,10,Male,33.8,7.27,1.55295775340409,6.77044440966972
740,2011,10,Female,34,6.9,1.15525683287683,5.3308308590882
741,2011,11,Male,38,8.23,1.29838429066961,5.55995626001035
742,2011,11,Female,38.8,7.77,0.924717259029011,4.73938047361278
743,2011,12,Male,43.8,9.65,1.20895441457677,5.52606532811736
744,2011,12,Female,43.6,8.08,0.995114065216277,5.29166904835352
745,2011,13,Male,49,9.98,1.23659387278352,6.48112459951313
746,2011,13,Female,47.1,7.82,1.0347904608126,5.68479218512779
747,2011,14,Male,54.2,9.94,1.20753698471418,6.35504709196755
748,2011,14,Female,49.9,7.61,1.20954237974987,6.52808197573285
749,2011,15,Male,59.4,10.93,1.35437530640083,6.35235003396929
750,2011,15,Female,51.4,7.93,1.23849351332477,6.26743879215084
751,2011,16,Male,61.3,10.43,1.47434633207716,6.98627057823661
752,2011,16,Female,52.4,7.77,1.35405215406005,7.34002743503956
753,2011,17,Male,63.1,10.58,1.44669593535941,6.90932929907943
754,2011,17,Female,52.8,7.81,1.23557577160576,6.63742857914053
755,2012,5,Male,18.9,2.6,1.25450079433844,7.39492102939841
756,2012,5,Female,18.5,2.56,1.20264538680946,7.04889993197588
757,2012,6,Male,21.3,3.32,1.54227643762511,7.87956689257334
758,2012,6,Female,20.9,3.2,1.28789346433365,6.66300245155966
759,2012,7,Male,24,4.08,1.72694161004516,8.96629381397201
760,2012,7,Female,23.5,3.88,1.41438684278496,7.02671067742813
761,2012,8,Male,27.1,5.06,1.64800079090149,7.74988837654758
762,2012,8,Female,26.3,4.63,1.35369862275186,6.40342005947383
763,2012,9,Male,30.5,6.16,1.59407572951922,7.16006034690095
764,2012,9,Female,29.9,5.79,1.27075705711241,5.51699495146615
765,2012,10,Male,34,7.22,1.44756259362256,5.94732743533203
766,2012,10,Female,34,6.86,1.10312523360098,4.93328032372154
767,2012,11,Male,38.2,8.4,1.37918379987873,5.93562236882394
768,2012,11,Female,38.9,7.7,0.935393754301586,4.65242948979845
769,2012,12,Male,44,9.75,1.2236413403144,5.7020947396107
770,2012,12,Female,43.7,8.13,1.01458511611101,5.48267418372946
771,2012,13,Male,49,10.02,1.18788040418986,6.05459501730904
772,2012,13,Female,47.4,7.83,1.11197219464973,6.29104314613931
773,2012,14,Male,54.2,10,1.26974614558095,6.62584484116306
774,2012,14,Female,49.9,7.65,1.23145792411617,6.93234020519159
775,2012,15,Male,59.2,10.67,1.37701649216843,6.40061538872959
776,2012,15,Female,51.6,8.04,1.33936573526902,6.94063527135826
777,2012,16,Male,61.1,10.26,1.44313533653092,7.13528705539315
778,2012,16,Female,52.5,7.87,1.26000169234566,6.62333297353062
779,2012,17,Male,62.9,10.58,1.47261526730132,7.06664819621928
780,2012,17,Female,52.9,8.03,1.35584997885894,7.23230808825878
781,2013,5,Male,18.9,2.59,1.30964446683702,8.08873996429251
782,2013,5,Female,18.6,2.53,1.13849130861174,6.74148036017132
783,2013,6,Male,21.3,3.37,1.51146665271067,7.62404941599381
784,2013,6,Female,20.9,3.17,1.30148507786249,6.70447207400596
785,2013,7,Male,23.9,4.05,1.63515354018229,8.07240195741538
786,2013,7,Female,23.5,3.86,1.43213213126067,7.1981420626793
787,2013,8,Male,27.1,5.02,1.56832748978169,7.15742007437081
788,2013,8,Female,26.4,4.64,1.30870414064184,6.1811484821234
789,2013,9,Male,30.4,6.13,1.44447048359901,6.11339550554803
790,2013,9,Female,30,5.89,1.3372384081134,6.07499130856655
791,2013,10,Male,34.3,7.46,1.42225361570331,5.85630865064085
792,2013,10,Female,34,7.03,1.21533968498248,5.4544057388558
793,2013,11,Male,38.3,8.44,1.33828832538506,6.07842157231769
794,2013,11,Female,39,7.77,0.910903283020021,4.57485829438169
795,2013,12,Male,43.9,9.7,1.19599184164487,5.47698686337935
796,2013,12,Female,43.7,8.05,0.9263691269963,5.06456277421864
797,2013,13,Male,48.8,9.86,1.15275135422831,5.87302668365468
798,2013,13,Female,47.1,7.78,1.13383172024758,6.37014176709282
799,2013,14,Male,54,9.97,1.28606580244198,6.76585046808133
800,2013,14,Female,49.9,7.51,1.17450731662797,6.52118170389776
801,2013,15,Male,58.9,10.57,1.36919186206261,6.50108760730838
802,2013,15,Female,51.4,7.9,1.23685498490053,6.25203246017277
803,2013,16,Male,61,10.37,1.44766288457851,6.92863884489791
804,2013,16,Female,52.5,7.7,1.22516875516479,6.61806855702021
805,2013,17,Male,62.8,10.61,1.47535858238623,7.14315194140276
806,2013,17,Female,52.9,7.9,1.34034460693313,7.17181623752828
807,2014,5,Male,18.85025956,2.61,1.32863349441264,7.63148720879105
808,2014,5,Female,18.51059705,2.53,1.09044391611531,6.51077806247556
809,2014,6,Male,21.33365552,3.35,1.46533245992083,7.28483754511902
810,2014,6,Female,20.79910177,3.21,1.36799619940715,7.35904786108461
811,2014,7,Male,23.96029074,4.07,1.55728090607223,7.54416649803603
812,2014,7,Female,23.43257761,3.85,1.41968912076895,7.29939352966494
813,2014,8,Male,27.03049229,5.1,1.58559347741339,7.03689238702823
814,2014,8,Female,26.38229558,4.75,1.43034944491049,6.70162570772653
815,2014,9,Male,30.43997369,6.19,1.61648212349282,7.26818867907333
816,2014,9,Female,29.80455226,5.74,1.24167005598297,5.42722628411723
817,2014,10,Male,34.00917953,7.37,1.54936336569741,6.87068897087507
818,2014,10,Female,34.01970635,7.04,1.1958969756093,5.36637630198955
819,2014,11,Male,38.41406662,8.58,1.37992485218286,6.10056242600673
820,2014,11,Female,38.9727601,7.76,0.936723668146456,4.66210259334293
821,2014,12,Male,43.96227527,9.78,1.22596871752554,5.57539285435818
822,2014,12,Female,43.56400378,7.89,0.935082973093385,5.31042164758299
823,2014,13,Male,48.81679313,9.92,1.2474939745856,6.49865758031339
824,2014,13,Female,47.21310163,7.59,0.91253710326233,5.14737260264886
825,2014,14,Male,53.89601589,9.79,1.17325919278361,5.96640784469164
826,2014,14,Female,49.99316611,7.57,1.17099447513896,6.47539430799564
827,2014,15,Male,58.90004683,10.54,1.28444389062702,5.87909876194863
828,2014,15,Female,51.39619804,7.92,1.2927670296036,7.30356951844809
829,2014,16,Male,60.69317626,10.29,1.46377380292188,7.06657845173287
830,2014,16,Female,52.42178607,7.88,1.36823439694351,7.63016837946227
831,2014,17,Male,62.60386478,10.31,1.3226986506704,6.38819192349781
832,2014,17,Female,52.89755433,7.84,1.27107345530876,6.67343115146774
833,2015,5,Male,18.9,2.61,1.48537457507118,9.29210346520058
834,2015,5,Female,18.5,2.48,1.0171537379375,5.91542058548389
835,2015,6,Male,21.3,3.21,1.47895942249708,7.78465845237449
836,2015,6,Female,20.8,3.15,1.31034536577204,6.74701777487146
837,2015,7,Male,23.9,4.02,1.64834994196747,8.5290854265883
838,2015,7,Female,23.4,3.72,1.22402297929823,5.80652865589992
839,2015,8,Male,26.9,4.94,1.55908725245306,7.29455041286633
840,2015,8,Female,26.4,4.71,1.40146629189854,6.63849032225431
841,2015,9,Male,30.4,6.19,1.69750651972334,8.07175578611509
842,2015,9,Female,29.7,5.72,1.29617900541789,5.79717541507962
843,2015,10,Male,34,7.2,1.4810213384138,6.48764630126712
844,2015,10,Female,33.9,6.85,1.13556837380642,5.29343906254595
845,2015,11,Male,38.2,8.39,1.37804241530004,6.22553650940742
846,2015,11,Female,38.8,7.66,0.956285367496884,5.09692620993413
847,2015,12,Male,43.9,9.68,1.25151987542152,5.9007342945383
848,2015,12,Female,43.6,7.95,0.922976373961643,5.25636437821425
849,2015,13,Male,48.8,9.71,1.09141108504674,5.56572443661824
850,2015,13,Female,47.3,7.7,1.10143967190628,6.55884769635636
851,2015,14,Male,53.9,9.75,1.17683524037489,6.054522075663
852,2015,14,Female,49.9,7.41,1.06018335113336,6.1036107796196
853,2015,15,Male,59,10.58,1.32075639320768,6.37402885277529
854,2015,15,Female,51.5,7.76,1.21790729258889,6.50044129850999
855,2015,16,Male,60.6,9.88,1.34123994445506,6.63909870551434
856,2015,16,Female,52.6,7.72,1.31620158239795,7.60018458570255
857,2015,17,Male,62.5,10.11,1.35411133747474,6.54338023808938
858,2015,17,Female,53,7.83,1.38724560580276,7.36963526726489
859,2016,5,Male,18.9,2.63,1.29323113655496,7.42156161077283
860,2016,5,Female,18.5,2.49,0.995846287070353,5.73125669828276
861,2016,6,Male,21.4,3.38,1.78204674949975,10.3427306882611
862,2016,6,Female,20.9,3.19,1.27403611680403,6.40843467270023
863,2016,7,Male,24,4.09,1.65224260697154,8.16095854718668
864,2016,7,Female,23.5,3.88,1.61988170101901,9.0939125758427
865,2016,8,Male,27.2,5.08,1.64369964870356,8.49517445179961
866,2016,8,Female,26.4,4.71,1.3626721196723,6.11866837859057
867,2016,9,Male,30.6,6.16,1.42800096511943,5.95742927843545
868,2016,9,Female,29.8,5.7,1.2488643012705,5.59484659312078
869,2016,10,Male,34,7.29,1.39872558176541,5.85856548078405
870,2016,10,Female,34,6.97,1.21532464020231,5.8522894385409
871,2016,11,Male,38.4,8.47,1.27547231029754,5.4833372679791
872,2016,11,Female,39,7.88,0.946421785623667,4.78950773644315
873,2016,12,Male,44,9.72,1.19355288083468,5.40908949901003
874,2016,12,Female,43.7,8.01,0.951212947371002,5.40441692466842
875,2016,13,Male,48.8,9.76,1.17167657938352,5.9979214930547
876,2016,13,Female,47.2,7.57,1.02691262996112,5.86095670855186
877,2016,14,Male,53.9,9.71,1.21780533156293,6.50157670785645
878,2016,14,Female,50,7.46,1.08345100578615,5.98888110571477
879,2016,15,Male,58.7,10.5,1.25147431749439,5.94646651779455
880,2016,15,Female,51.7,7.78,1.20094904203001,6.43577267072629
881,2016,16,Male,60.5,10.13,1.45257050502501,7.08530636387036
882,2016,16,Female,52.6,7.61,1.17282798009955,6.70545046105299
883,2016,17,Male,62.5,10.17,1.27079579653491,6.18297758299872
884,2016,17,Female,52.9,7.73,1.25985288586519,6.8781528989863
